Workbook

Sheet Dashboard
B1: CONSTRUCTION PROJECT CONTROLS DASHBOARD
B2: Project: | C2: Riverside Mixed-Use | Arlington, TX | E2: Contract Value: | F2: $2,400,000
B3: Owner: | C3: Riverside Development LLC | E3: Report Date: | F3: =TODAY() -> 46104
B4: GC: | C4: Suhas Ravi Construction Management | E4: Project Phase: | F4: Construction
B6: KEY PERFORMANCE INDICATORS
B7: KPI | C7: Current | D7: Target | E7: Variance | F7: Status
B8: Cost Performance Index (CPI) | C8: ='Cost Tracker'!O16 -> 1.031762 | D8: ≥ 1.00 | E8: ='Cost Tracker'!O16-1 -> 0.031761965 | F8: =IF('Cost Tracker'!O4>=1,"On Track","At Risk") -> On Track
B9: Schedule Performance Index (SPI) | C9: =Schedule!N24 -> 0.86518214 | D9: ≥ 1.00 | E9: =Schedule!N24-1 -> -0.13481786 | F9: =IF(Schedule!N24>=1,"On Track","At Risk") -> At Risk
B10: Budget Utilization (%) | C10: ='Cost Tracker'!K16 -> 0.6788481 | D10: ≤ 85% | E10: ='Cost Tracker'!K16-0.85 -> -0.1711519 | F10: =IF('Cost Tracker'!O16<=0.85,"On Track","Over Budget") -> Over Budget
B11: Open RFIs | C11: =COUNTIF('RFI Log'!K:K,"Open") -> 5 | D11: < 5 | E11: =COUNTIF('RFI Log'!K:K,"Open")-5 -> 0 | F11: =IF(COUNTIF('RFI Log'!K:K,"Open")<5,"On Track","Needs Attention") -> Needs Attention
B12: Submittals Overdue | C12: =COUNTIF('Submittal Register'!H:H,"Overdue") -> 1 | D12: 0 | E12: =COUNTIF('Submittal Register'!H:H,"Overdue") -> 1 | F12: =IF(COUNTIF('Submittal Register'!H:H,"Overdue")=0,"On Track","Action Required") -> Action Required
B14: COST SUMMARY BY CSI DIVISION | E14: SCHEDULE SUMMARY
B15: CSI Division | C15: Budget ($) | D15: Actual ($) | E15: Phase | F15: Planned % | G15: Actual %
B16: 01 - General Requirements | C16: 100000 | D16: ='Cost Tracker'!G5 -> 44200 | E16: Site Preparation | F16: 1 | G16: 1
B17: 02 - Existing Conditions | C17: 45000 | D17: ='Cost Tracker'!G6 -> 275000 | E17: Foundation | F17: 1 | G17: 1
B18: 03 - Concrete | C18: 280000 | D18: ='Cost Tracker'!G7 -> 93000 | E18: Structural Frame | F18: 1 | G18: 0.95
B19: 04 - Masonry | C19: 95000 | D19: ='Cost Tracker'!G8 -> 208000 | E19: MEP Rough-In | F19: 0.8 | G19: 0.72
B20: 05 - Metals | C20: 210000 | D20: ='Cost Tracker'!G9 -> 171000 | E20: Exterior Envelope | F20: 0.6 | G20: 0.55
B21: 06 - Wood & Plastics | C21: 175000 | D21: ='Cost Tracker'!G10 -> 127500 | E21: Interior Rough-In | F21: 0.4 | G21: 0.35
B22: 07 - Thermal & Moisture | C22: 130000 | D22: ='Cost Tracker'!G11 -> 143000 | E22: Finishes | F22: 0.05 | G22: 0.03
B23: 08 - Openings | C23: 145000 | D23: ='Cost Tracker'!G12 -> 48000 | E23: Punch List/Closeout | F23: 0 | G23: 0
B24: 09 - Finishes | C24: 320000 | D24: ='Cost Tracker'!G13 -> 12000 | E24: =C24-D24 -> 308000 | F24: =IFERROR(D24/C24,0) -> 0.0375
B25: 10-14 - Specialties/Equip | C25: 180000 | D25: ='Cost Tracker'!G14 -> 285000 | E25: =C25-D25 -> -105000 | F25: =IFERROR(D25/C25,0) -> 1.5833333
B26: 21-23 - MEP Systems | C26: 550000 | D26: ='Cost Tracker'!G15 -> 149000 | E26: =C26-D26 -> 401000 | F26: =IFERROR(D26/C26,0) -> 0.27090909
B27: 31-33 - Site Work | C27: 150000 | D27: ='Cost Tracker'!G16 -> 1673700 | E27: =C27-D27 -> -1523700 | F27: =IFERROR(D27/C27,0) -> 11.158
B28: TOTAL | C28: =SUM(C16:C27) -> 2380000 | D28: =SUM(D16:D27) -> 3229400 | E28: =SUM(E16:E27) -> -919700 | F28: =IFERROR(D28/C28,0) -> 1.3568908
B30: Dashboard auto-updates when data is entered in Cost Tracker, Schedule, RFI Log, and Submittal Register tabs.

Sheet Cost Tracker
B1: COST TRACKER — RIVERSIDE MIXED-USE PROJECT
B3: CSI Division | C3: Original Budget ($) | D3: Approved Change Orders ($) | E3: Revised Budget ($) | F3: Committed Cost ($) | G3: Actual Cost to Date ($) | H3: Estimated Cost at Completion ($) | I3: Budget Remaining ($) | J3: Cost Variance ($) | K3: % Budget Spent | L3: % Work Complete | M3: Earned Value ($) | N3: Cost Variance (EV) | O3: CPI | P3: SPI
B4: 01 - General Requirements | C4: 120000 | D4: 5000 | E4: =C4+D4 -> 125000 | F4: 120360 | G4: 118000 | H4: =IFERROR(G4/N4,120000) -> 16.857143 | I4: =E4-H4 -> 124983.14 | J4: =E4-G4 -> 7000 | K4: =IFERROR(G4/E4,0) -> 0.944 | L4: 1 | M4: =E4*L4 -> 125000 | N4: =M4-G4 -> 7000 | O4: =IFERROR(M4/G4,1) -> 1.059322 | P4: =IFERROR(M4/(120000),1) -> 1.0416667
B5: 02 - Existing Conditions | C5: 45000 | D5: 0 | E5: =C5+D5 -> 45000 | F5: 45084 | G5: 44200 | H5: =IFERROR(G5/N5,45000) -> 55.25 | I5: =E5-H5 -> 44944.75 | J5: =E5-G5 -> 800 | K5: =IFERROR(G5/E5,0) -> 0.98222222 | L5: 1 | M5: =E5*L5 -> 45000 | N5: =M5-G5 -> 800 | O5: =IFERROR(M5/G5,1) -> 1.0180995 | P5: =IFERROR(M5/(45000),1) -> 1
B6: 03 - Concrete | C6: 280000 | D6: 12000 | E6: =C6+D6 -> 292000 | F6: 280500 | G6: 275000 | H6: =IFERROR(G6/N6,280000) -> 24.641577 | I6: =E6-H6 -> 291975.36 | J6: =E6-G6 -> 17000 | K6: =IFERROR(G6/E6,0) -> 0.94178082 | L6: 0.98 | M6: =E6*L6 -> 286160 | N6: =M6-G6 -> 11160 | O6: =IFERROR(M6/G6,1) -> 1.0405818 | P6: =IFERROR(M6/(274400),1) -> 1.0428571
B7: 04 - Masonry | C7: 95000 | D7: 2000 | E7: =C7+D7 -> 97000 | F7: 94860 | G7: 93000 | H7: =IFERROR(G7/N7,95000) -> 45.145631 | I7: =E7-H7 -> 96954.854 | J7: =E7-G7 -> 4000 | K7: =IFERROR(G7/E7,0) -> 0.95876289 | L7: 0.98 | M7: =E7*L7 -> 95060 | N7: =M7-G7 -> 2060 | O7: =IFERROR(M7/G7,1) -> 1.0221505 | P7: =IFERROR(M7/(93100),1) -> 1.0210526
B8: 05 - Metals | C8: 210000 | D8: 8000 | E8: =C8+D8 -> 218000 | F8: 212160 | G8: 208000 | H8: =IFERROR(G8/N8,210000) -> 26.598465 | I8: =E8-H8 -> 217973.4 | J8: =E8-G8 -> 10000 | K8: =IFERROR(G8/E8,0) -> 0.95412844 | L8: 0.99 | M8: =E8*L8 -> 215820 | N8: =M8-G8 -> 7820 | O8: =IFERROR(M8/G8,1) -> 1.0375962 | P8: =IFERROR(M8/(207900),1) -> 1.0380952
B9: 06 - Wood & Plastics | C9: 175000 | D9: 3500 | E9: =C9+D9 -> 178500 | F9: 174420 | G9: 171000 | H9: =IFERROR(G9/N9,175000) -> 43.51145 | I9: =E9-H9 -> 178456.49 | J9: =E9-G9 -> 7500 | K9: =IFERROR(G9/E9,0) -> 0.95798319 | L9: 0.98 | M9: =E9*L9 -> 174930 | N9: =M9-G9 -> 3930 | O9: =IFERROR(M9/G9,1) -> 1.0229825 | P9: =IFERROR(M9/(171500),1) -> 1.02
B10: 07 - Thermal & Moisture | C10: 130000 | D10: 1000 | E10: =C10+D10 -> 131000 | F10: 130050 | G10: 127500 | H10: =IFERROR(G10/N10,130000) -> 144.88636 | I10: =E10-H10 -> 130855.11 | J10: =E10-G10 -> 3500 | K10: =IFERROR(G10/E10,0) -> 0.97328244 | L10: 0.98 | M10: =E10*L10 -> 128380 | N10: =M10-G10 -> 880 | O10: =IFERROR(M10/G10,1) -> 1.006902 | P10: =IFERROR(M10/(127400),1) -> 1.0076923
B11: 08 - Openings | C11: 145000 | D11: 4500 | E11: =C11+D11 -> 149500 | F11: 145860 | G11: 143000 | H11: =IFERROR(G11/N11,145000) -> 28.571429 | I11: =E11-H11 -> 149471.43 | J11: =E11-G11 -> 6500 | K11: =IFERROR(G11/E11,0) -> 0.95652174 | L11: 0.99 | M11: =E11*L11 -> 148005 | N11: =M11-G11 -> 5005 | O11: =IFERROR(M11/G11,1) -> 1.035 | P11: =IFERROR(M11/(143550),1) -> 1.0310345
B12: 09 - Finishes | C12: 320000 | D12: 6000 | E12: =C12+D12 -> 326000 | F12: 48960 | G12: 48000 | H12: =IFERROR(G12/N12,320000) -> 53.333333 | I12: =E12-H12 -> 325946.67 | J12: =E12-G12 -> 278000 | K12: =IFERROR(G12/E12,0) -> 0.14723926 | L12: 0.15 | M12: =E12*L12 -> 48900 | N12: =M12-G12 -> 900 | O12: =IFERROR(M12/G12,1) -> 1.01875 | P12: =IFERROR(M12/(48000),1) -> 1.01875
B13: 10-14 - Specialties/Equip | C13: 180000 | D13: 2500 | E13: =C13+D13 -> 182500 | F13: 12240 | G13: 12000 | H13: =IFERROR(G13/N13,180000) -> 15.483871 | I13: =E13-H13 -> 182484.52 | J13: =E13-G13 -> 170500 | K13: =IFERROR(G13/E13,0) -> 0.065753425 | L13: 0.07 | M13: =E13*L13 -> 12775 | N13: =M13-G13 -> 775 | O13: =IFERROR(M13/G13,1) -> 1.0645833 | P13: =IFERROR(M13/(12600),1) -> 1.0138889
B14: 21-23 - MEP Systems | C14: 550000 | D14: 18000 | E14: =C14+D14 -> 568000 | F14: 290700 | G14: 285000 | H14: =IFERROR(G14/N14,550000) -> 27.509653 | I14: =E14-H14 -> 567972.49 | J14: =E14-G14 -> 283000 | K14: =IFERROR(G14/E14,0) -> 0.50176056 | L14: 0.52 | M14: =E14*L14 -> 295360 | N14: =M14-G14 -> 10360 | O14: =IFERROR(M14/G14,1) -> 1.0363509 | P14: =IFERROR(M14/(286000),1) -> 1.0327273
B15: 31-33 - Site Work | C15: 150000 | D15: 3000 | E15: =C15+D15 -> 153000 | F15: 151980 | G15: 149000 | H15: =IFERROR(G15/N15,150000) -> 60.323887 | I15: =E15-H15 -> 152939.68 | J15: =E15-G15 -> 4000 | K15: =IFERROR(G15/E15,0) -> 0.97385621 | L15: 0.99 | M15: =E15*L15 -> 151470 | N15: =M15-G15 -> 2470 | O15: =IFERROR(M15/G15,1) -> 1.0165772 | P15: =IFERROR(M15/(148500),1) -> 1.02
B16: PROJECT TOTAL | C16: =SUM(C4:C15) -> 2400000 | D16: =SUM(D4:D15) -> 65500 | E16: =SUM(E4:E15) -> 2465500 | F16: =SUM(F4:F15) -> 1707174 | G16: =SUM(G4:G15) -> 1673700 | H16: =SUM(H4:H15) -> 542.1128 | I16: =SUM(I4:I15) -> 2464957.9 | J16: =SUM(J4:J15) -> 791800 | K16: =IFERROR(G16/E16,0) -> 0.6788481 | M16: =SUM(M4:M15) -> 1726860 | N16: =SUM(N4:N15) -> 53160 | O16: =IFERROR(M16/G16,1) -> 1.031762 | P16: =AVERAGE(P4:P15) -> 1.0239804
B18: COLOR LEGEND: | C18: Blue = Input cell (editable) | E18: Green CPI/SPI = Performing well (≥ 1.00) | H18: Red CPI/SPI = At risk (< 1.00)

Sheet Schedule
B1: SCHEDULE TRACKER — RIVERSIDE MIXED-USE PROJECT
B3: Work Package | C3: Planned Start | D3: Planned Finish | E3: Actual Start | F3: Actual Finish | G3: Duration (days) | H3: Planned % Complete | I3: Actual % Complete | J3: Schedule Variance (days) | K3: Status | L3: Responsible Party | M3: Notes | N3: Float (days)
B4: Site Mobilization & Prep | C4: 1/6/2025 | D4: 1/31/2025 | E4: 1/6/2025 | F4: 1/29/2025 | G4: 25 | H4: 1 | I4: 1 | J4: =ROUND((I4-H4)*G4,0) -> 0 | K4: =IF(I4>=H4,"On Schedule",IF(I4>=H4-0.1,"Minor Delay","Behind Schedule")) -> On Schedule | L4: Turner CM | M4: =ROUND(G4*(1-I4),0) -> 0 | N4: =IFERROR(I4/H4,1) -> 1
B5: Demolition & Excavation | C5: 2/3/2025 | D5: 2/28/2025 | E5: 2/3/2025 | F5: 3/3/2025 | G5: 25 | H5: 1 | I5: 1 | J5: =ROUND((I5-H5)*G5,0) -> 0 | K5: =IF(I5>=H5,"On Schedule",IF(I5>=H5-0.1,"Minor Delay","Behind Schedule")) -> On Schedule | L5: Apex Demo | M5: =ROUND(G5*(1-I5),0) -> 0 | N5: =IFERROR(I5/H5,1) -> 1
B6: Foundation — Footings & Grade | C6: 3/3/2025 | D6: 4/4/2025 | E6: 3/5/2025 | F6: 4/9/2025 | G6: 32 | H6: 1 | I6: 1 | J6: =ROUND((I6-H6)*G6,0) -> 0 | K6: =IF(I6>=H6,"On Schedule",IF(I6>=H6-0.1,"Minor Delay","Behind Schedule")) -> On Schedule | L6: Concrete Plus | M6: =ROUND(G6*(1-I6),0) -> 0 | N6: =IFERROR(I6/H6,1) -> 1
B7: Structural Steel Frame | C7: 4/7/2025 | D7: 5/16/2025 | E7: 4/9/2025 | F7: 5/19/2025 | G7: 39 | H7: 1 | I7: 0.95 | J7: =ROUND((I7-H7)*G7,0) -> -2 | K7: =IF(I7>=H7,"On Schedule",IF(I7>=H7-0.1,"Minor Delay","Behind Schedule")) -> Minor Delay | L7: SteelCo | M7: =ROUND(G7*(1-I7),0) -> 2 | N7: =IFERROR(I7/H7,1) -> 0.95
B8: Metal Deck & Concrete Slab | C8: 5/19/2025 | D8: 6/13/2025 | E8: 5/21/2025 | G8: 25 | H8: 1 | I8: 0.95 | J8: =ROUND((I8-H8)*G8,0) -> -1 | K8: =IF(I8>=H8,"On Schedule",IF(I8>=H8-0.1,"Minor Delay","Behind Schedule")) -> Minor Delay | L8: Concrete Plus | M8: =ROUND(G8*(1-I8),0) -> 1 | N8: =IFERROR(I8/H8,1) -> 0.95
B9: Exterior Masonry & Envelope | C9: 6/16/2025 | D9: 8/8/2025 | E9: 6/18/2025 | G9: 53 | H9: 0.8 | I9: 0.72 | J9: =ROUND((I9-H9)*G9,0) -> -4 | K9: =IF(I9>=H9,"On Schedule",IF(I9>=H9-0.1,"Minor Delay","Behind Schedule")) -> Minor Delay | L9: MasonryPro | M9: =ROUND(G9*(1-I9),0) -> 15 | N9: =IFERROR(I9/H9,1) -> 0.9
B10: Roofing System | C10: 7/7/2025 | D10: 8/1/2025 | E10: 7/10/2025 | G10: 25 | H10: 0.9 | I10: 0.82 | J10: =ROUND((I10-H10)*G10,0) -> -2 | K10: =IF(I10>=H10,"On Schedule",IF(I10>=H10-0.1,"Minor Delay","Behind Schedule")) -> Minor Delay | L10: RoofRight | M10: =ROUND(G10*(1-I10),0) -> 5 | N10: =IFERROR(I10/H10,1) -> 0.91111111
B11: Storefront & Glazing | C11: 7/28/2025 | D11: 8/22/2025 | E11: 7/30/2025 | G11: 25 | H11: 0.7 | I11: 0.62 | J11: =ROUND((I11-H11)*G11,0) -> -2 | K11: =IF(I11>=H11,"On Schedule",IF(I11>=H11-0.1,"Minor Delay","Behind Schedule")) -> Minor Delay | L11: GlassTech | M11: =ROUND(G11*(1-I11),0) -> 10 | N11: =IFERROR(I11/H11,1) -> 0.88571429
B12: MEP Rough-In — Electrical | C12: 5/12/2025 | D12: 8/22/2025 | E12: 5/14/2025 | G12: 72 | H12: 0.75 | I12: 0.68 | J12: =ROUND((I12-H12)*G12,0) -> -5 | K12: =IF(I12>=H12,"On Schedule",IF(I12>=H12-0.1,"Minor Delay","Behind Schedule")) -> Minor Delay | L12: ElecCo | M12: =ROUND(G12*(1-I12),0) -> 23 | N12: =IFERROR(I12/H12,1) -> 0.90666667
B13: MEP Rough-In — Plumbing | C13: 5/12/2025 | D13: 8/22/2025 | E13: 5/14/2025 | G13: 72 | H13: 0.75 | I13: 0.65 | J13: =ROUND((I13-H13)*G13,0) -> -7 | K13: =IF(I13>=H13,"On Schedule",IF(I13>=H13-0.1,"Minor Delay","Behind Schedule")) -> Minor Delay | L13: PlumbRight | M13: =ROUND(G13*(1-I13),0) -> 25 | N13: =IFERROR(I13/H13,1) -> 0.86666667
B14: MEP Rough-In — Mechanical | C14: 5/26/2025 | D14: 9/5/2025 | E14: 5/28/2025 | G14: 72 | H14: 0.65 | I14: 0.58 | J14: =ROUND((I14-H14)*G14,0) -> -5 | K14: =IF(I14>=H14,"On Schedule",IF(I14>=H14-0.1,"Minor Delay","Behind Schedule")) -> Minor Delay | L14: MechSystems | M14: =ROUND(G14*(1-I14),0) -> 30 | N14: =IFERROR(I14/H14,1) -> 0.89230769
B15: Drywall & Interior Framing | C15: 8/11/2025 | D15: 9/26/2025 | E15: 8/14/2025 | G15: 46 | H15: 0.35 | I15: 0.28 | J15: =ROUND((I15-H15)*G15,0) -> -3 | K15: =IF(I15>=H15,"On Schedule",IF(I15>=H15-0.1,"Minor Delay","Behind Schedule")) -> Minor Delay | L15: FramePro | M15: =ROUND(G15*(1-I15),0) -> 33 | N15: =IFERROR(I15/H15,1) -> 0.8
B16: Painting & Wall Finishes | C16: 9/15/2025 | D16: 10/17/2025 | G16: 32 | H16: 0.1 | I16: 0.05 | J16: =ROUND((I16-H16)*G16,0) -> -2 | K16: =IF(I16>=H16,"On Schedule",IF(I16>=H16-0.1,"Minor Delay","Behind Schedule")) -> Minor Delay | L16: PaintCo | M16: =ROUND(G16*(1-I16),0) -> 30 | N16: =IFERROR(I16/H16,1) -> 0.5
B17: Flooring | C17: 9/22/2025 | D17: 10/24/2025 | G17: 32 | H17: 0.05 | I17: 0.02 | J17: =ROUND((I17-H17)*G17,0) -> -1 | K17: =IF(I17>=H17,"On Schedule",IF(I17>=H17-0.1,"Minor Delay","Behind Schedule")) -> Minor Delay | L17: FloorCo | M17: =ROUND(G17*(1-I17),0) -> 31 | N17: =IFERROR(I17/H17,1) -> 0.4
B18: Millwork & Casework | C18: 9/29/2025 | D18: 10/24/2025 | G18: 25 | H18: 0.05 | I18: 0.02 | J18: =ROUND((I18-H18)*G18,0) -> -1 | K18: =IF(I18>=H18,"On Schedule",IF(I18>=H18-0.1,"Minor Delay","Behind Schedule")) -> Minor Delay | L18: MillCo | M18: =ROUND(G18*(1-I18),0) -> 25 | N18: =IFERROR(I18/H18,1) -> 0.4
B19: FF&E Installation | C19: 10/13/2025 | D19: 11/7/2025 | G19: 25 | H19: 0 | I19: 0 | J19: =ROUND((I19-H19)*G19,0) -> 0 | K19: =IF(I19>=H19,"On Schedule",IF(I19>=H19-0.1,"Minor Delay","Behind Schedule")) -> On Schedule | L19: Owner | M19: =ROUND(G19*(1-I19),0) -> 25 | N19: =IFERROR(I19/H19,1) -> 1
B20: Site Utilities & Paving | C20: 8/4/2025 | D20: 9/5/2025 | E20: 8/6/2025 | G20: 32 | H20: 0.85 | I20: 0.8 | J20: =ROUND((I20-H20)*G20,0) -> -2 | K20: =IF(I20>=H20,"On Schedule",IF(I20>=H20-0.1,"Minor Delay","Behind Schedule")) -> Minor Delay | L20: CivilCo | M20: =ROUND(G20*(1-I20),0) -> 6 | N20: =IFERROR(I20/H20,1) -> 0.94117647
B21: Landscaping | C21: 10/6/2025 | D21: 10/31/2025 | G21: 25 | H21: 0 | I21: 0 | J21: =ROUND((I21-H21)*G21,0) -> 0 | K21: =IF(I21>=H21,"On Schedule",IF(I21>=H21-0.1,"Minor Delay","Behind Schedule")) -> On Schedule | L21: GreenScape | M21: =ROUND(G21*(1-I21),0) -> 25 | N21: =IFERROR(I21/H21,1) -> 1
B22: Final Inspections & Punch List | C22: 11/3/2025 | D22: 11/21/2025 | G22: 18 | H22: 0 | I22: 0 | J22: =ROUND((I22-H22)*G22,0) -> 0 | K22: =IF(I22>=H22,"On Schedule",IF(I22>=H22-0.1,"Minor Delay","Behind Schedule")) -> On Schedule | L22: Turner CM | M22: =ROUND(G22*(1-I22),0) -> 18 | N22: =IFERROR(I22/H22,1) -> 1
B23: Certificate of Occupancy | C23: 11/24/2025 | D23: 11/28/2025 | G23: 5 | H23: 0 | I23: 0 | J23: =ROUND((I23-H23)*G23,0) -> 0 | K23: =IF(I23>=H23,"On Schedule",IF(I23>=H23-0.1,"Minor Delay","Behind Schedule")) -> On Schedule | L23: Turner CM | M23: =ROUND(G23*(1-I23),0) -> 5 | N23: =IFERROR(I23/H23,1) -> 1
B24: PROJECT OVERALL | H24: =AVERAGE(H4:H23) -> 0.5475 | I24: =AVERAGE(I4:I23) -> 0.507 | N24: =AVERAGE(N4:N23) -> 0.86518214

Sheet RFI Log
B1: RFI LOG — RIVERSIDE MIXED-USE PROJECT
B3: RFI # | C3: Subject | D3: Submitted By | E3: Submitted To | F3: Date Submitted | G3: Date Required | H3: Date Answered | I3: Days Open | J3: Priority | K3: Status | L3: Cost Impact ($) | M3: Notes
B4: RFI-001 | C4: Footing depth conflict — grid line C vs structural dwg S2.1 | D4: Suhas Ravi | E4: Smith Structural Eng. | F4: 1/22/2025 | G4: 1/29/2025 | H4: 1/27/2025 | I4: =IF(H4<>"",H4-F4,TODAY()-F4) -> 5 | J4: High | K4: Closed | L4: 0 | M4: Resolved — depth increased 6 in.
B5: RFI-002 | C5: Slab edge condition at north entry — see arch A3.4 | D5: Concrete Plus | E5: Smith Structural Eng. | F5: 2/14/2025 | G5: 2/21/2025 | H5: 2/20/2025 | I5: =IF(H5<>"",H5-F5,TODAY()-F5) -> 6 | J5: Med | K5: Closed | L5: 0 | M5: Confirmed as drawn
B6: RFI-003 | C6: Column base plate anchor bolt pattern — grids B/3 | D6: SteelCo | E6: Smith Structural Eng. | F6: 4/11/2025 | G6: 4/18/2025 | H6: 4/16/2025 | I6: =IF(H6<>"",H6-F6,TODAY()-F6) -> 5 | J6: High | K6: Closed | L6: 2450 | M6: Added 2 anchors per RFI response
B7: RFI-004 | C7: Exterior wall R-value — conflict between specs and energy calcs | D7: MasonryPro | E7: EnviroConsult | F7: 6/20/2025 | G7: 6/27/2025 | H7: 6/25/2025 | I7: =IF(H7<>"",H7-F7,TODAY()-F7) -> 5 | J7: Med | K7: Closed | L7: 0 | M7: Spec takes precedence
B8: RFI-005 | C8: Roof drain size conflict — plbg P2.1 vs mech M3.2 | D8: PlumbRight | E8: EnviroConsult | F8: 7/8/2025 | G8: 7/15/2025 | H8: 7/14/2025 | I8: =IF(H8<>"",H8-F8,TODAY()-F8) -> 6 | J8: High | K8: Closed | L8: 1800 | M8: Mechanical governs — 4 in. drain
B9: RFI-006 | C9: Storefront sill height at lobby — arch A5.2 dim unclear | D9: GlassTech | E9: Design Arch LLC | F9: 7/31/2025 | G9: 8/7/2025 | I9: =IF(H9<>"",H9-F9,TODAY()-F9) -> 235 | J9: High | K9: Open | L9: 0 | M9: Awaiting architect response
B10: RFI-007 | C10: Electrical panel location conflict with plumbing chase | D10: ElecCo | E10: MEP Coordinator | F10: 8/1/2025 | G10: 8/8/2025 | I10: =IF(H10<>"",H10-F10,TODAY()-F10) -> 234 | J10: High | K10: Open | L10: 0 | M10: OAC meeting 8/5 — decision pending
B11: RFI-008 | C11: Ceiling height at corridor 2B — conflicts between arch & struct | D11: FramePro | E11: Design Arch LLC | F11: 8/4/2025 | G11: 8/11/2025 | I11: =IF(H11<>"",H11-F11,TODAY()-F11) -> 231 | J11: Med | K11: Open | L11: 0 | M11: On hold pending BIM coordination
B12: RFI-009 | C12: Paint color spec — owner change request, lobby accent wall | D12: PaintCo | E12: Owner Rep | F12: 8/5/2025 | G12: 8/12/2025 | I12: =IF(H12<>"",H12-F12,TODAY()-F12) -> 230 | J12: Low | K12: Open | L12: 0 | M12: Owner to confirm selection
B13: RFI-010 | C13: Parking lot light pole base detail missing from civil drawings | D13: CivilCo | E13: Design Arch LLC | F13: 8/6/2025 | G13: 8/13/2025 | I13: =IF(H13<>"",H13-F13,TODAY()-F13) -> 229 | J13: Med | K13: Open | L13: 0 | M13: Issued for information only

Sheet Submittal Register
B1: SUBMITTAL REGISTER — RIVERSIDE MIXED-USE PROJECT
B3: Sub # | C3: Description | D3: Submitted By | E3: Date Submitted | F3: Date Required | G3: Date Returned | H3: Status | I3: Return Code | J3: Resubmittal Required? | K3: Notes
B4: S-001 | C4: Concrete Mix Design — 4000 psi slab | D4: Concrete Plus | E4: 1/27/2025 | F4: 2/3/2025 | G4: 2/1/2025 | H4: Approved | I4: A | J4: No | K4: Approved as submitted
B5: S-002 | C5: Rebar Shop Drawings — foundations | D5: Concrete Plus | E5: 1/27/2025 | F5: 2/3/2025 | G5: 2/4/2025 | H5: Approved | I5: A | J5: No | K5: Minor note only
B6: S-003 | C6: Structural Steel Shop Drawings — frame | D6: SteelCo | E6: 3/10/2025 | F6: 3/24/2025 | G6: 3/21/2025 | H6: Approved | I6: A | J6: No | K6: Approved as submitted
B7: S-004 | C7: Metal Deck Shop Drawings | D7: SteelCo | E7: 3/17/2025 | F7: 3/31/2025 | G7: 3/28/2025 | H7: Approved w/ Comments | I7: B | J7: No | K7: Weld pattern revised
B8: S-005 | C8: Exterior Masonry — product data & samples | D8: MasonryPro | E8: 5/5/2025 | F8: 5/19/2025 | G8: 5/16/2025 | H8: Approved | I8: A | J8: No | K8: Color sample approved
B9: S-006 | C9: Roofing System — TPO product data | D9: RoofRight | E9: 5/19/2025 | F9: 6/2/2025 | G9: 6/3/2025 | H9: Approved w/ Comments | I9: B | J9: No | K9: Thickness confirmed
B10: S-007 | C10: Storefront System — shop drawings & data | D10: GlassTech | E10: 6/23/2025 | F10: 7/7/2025 | G10: 7/9/2025 | H10: Revise & Resubmit | I10: C | J10: Yes | K10: Anchor spacing non-compliant
B11: S-008 | C11: Storefront System — Resubmittal | D11: GlassTech | E11: 7/21/2025 | F11: 8/4/2025 | G11: 8/1/2025 | H11: Approved | I11: A | J11: No | K11: Resubmittal approved
B12: S-009 | C12: Electrical Switchgear — product data | D12: ElecCo | E12: 6/9/2025 | F12: 6/23/2025 | G12: 6/20/2025 | H12: Approved | I12: A | J12: No | K12: Long lead item confirmed
B13: S-010 | C13: HVAC Equipment Schedule — AHU data | D13: MechSystems | E13: 6/16/2025 | F13: 6/30/2025 | G13: 6/27/2025 | H13: Approved w/ Comments | I13: B | J13: No | K13: Filter spec upgraded
B14: S-011 | C14: Plumbing Fixtures — product data & samples | D14: PlumbRight | E14: 6/23/2025 | F14: 7/7/2025 | G14: 7/5/2025 | H14: Approved | I14: A | J14: No | K14: WaterSense fixtures confirmed
B15: S-012 | C15: Interior Doors & Hardware Schedule | D15: FramePro | E15: 7/14/2025 | F15: 7/28/2025 | H15: Pending | I15: — | J15: — | K15: Submitted; under review
B16: S-013 | C16: Flooring — tile & carpet samples | D16: FloorCo | E16: 7/28/2025 | F16: 8/11/2025 | H16: Pending | I16: — | J16: — | K16: Submitted; under review
B17: S-014 | C17: Paint Color Schedule — full palette | D17: PaintCo | E17: 8/4/2025 | F17: 8/18/2025 | H17: Pending | I17: — | J17: — | K17: Pending owner confirmation
B18: S-015 | C18: Site Lighting — pole & fixture data | D18: CivilCo | E18: 8/4/2025 | F18: 8/18/2025 | H18: Overdue | I18: — | J18: — | K18: Required by 8/18 — no submission

Sheet S-Curve & Charts
B1: S-CURVE — PLANNED VS ACTUAL COST CUMULATIVE
B3: Period | C3: Planned Cost ($) | D3: Actual Cost ($) | E3: Cumul. Planned ($) | F3: Cumul. Actual ($)
B4: Jan 2025 | C4: 85000 | D4: 82000 | E4: =C4 -> 85000 | F4: =D4 -> 82000
B5: Feb 2025 | C5: 110000 | D5: 108000 | E5: =E4+C5 -> 195000 | F5: =F4+D5 -> 190000
B6: Mar 2025 | C6: 145000 | D6: 143000 | E6: =E5+C6 -> 340000 | F6: =F5+D6 -> 333000
B7: Apr 2025 | C7: 165000 | D7: 161000 | E7: =E6+C7 -> 505000 | F7: =F6+D7 -> 494000
B8: May 2025 | C8: 210000 | D8: 198000 | E8: =E7+C8 -> 715000 | F8: =F7+D8 -> 692000
B9: Jun 2025 | C9: 230000 | D9: 218000 | E9: =E8+C9 -> 945000 | F9: =F8+D9 -> 910000
B10: Jul 2025 | C10: 245000 | D10: 228000 | E10: =E9+C10 -> 1190000 | F10: =F9+D10 -> 1138000
B11: Aug 2025 | C11: 260000 | D11: 235000 | E11: =E10+C11 -> 1450000 | F11: =F10+D11 -> 1373000
B12: Sep 2025 | C12: 255000 | E12: =E11+C12 -> 1705000
B13: Oct 2025 | C13: 240000 | E13: =E12+C13 -> 1945000
B14: Nov 2025 | C14: 205000 | E14: =E13+C14 -> 2150000
B15: Dec 2025 | C15: 150000 | E15: =E14+C15 -> 2300000
B16: Jan 2026 | C16: 75000 | E16: =E15+C16 -> 2375000
B17: Feb 2026 | C17: 45000 | E17: =E16+C17 -> 2420000
